id,details_id,image_url,local_path,download_time
1,1,https://cbu01.alicdn.com/img/ibank/O1CN01C59xgE1pixpBaCkjK_!!2215075955395-0-cib.jpg,static\images\O1CN01C59xgE1pixpBaCkjK_!!2215075955395-0-cib.jpg,2025-07-06 07:25:56
2,2,https://cbu01.alicdn.com/img/ibank/O1CN01kivjvd1pixpClWJNN_!!2215075955395-0-cib.jpg,static\images\O1CN01kivjvd1pixpClWJNN_!!2215075955395-0-cib.jpg,2025-07-06 07:25:56
3,3,https://cbu01.alicdn.com/img/ibank/O1CN01XOBggs1pixpBhkDIs_!!2215075955395-0-cib.jpg,static\images\O1CN01XOBggs1pixpBhkDIs_!!2215075955395-0-cib.jpg,2025-07-06 07:25:56
4,4,https://cbu01.alicdn.com/img/ibank/O1CN01X7b1ZZ2JHsWe7Psx0_!!2212270079397-0-cib.jpg,static\images\O1CN01X7b1ZZ2JHsWe7Psx0_!!2212270079397-0-cib.jpg,2025-07-06 07:27:10
5,5,https://cbu01.alicdn.com/img/ibank/O1CN01D94G0J2JHsWe7Obvd_!!2212270079397-0-cib.jpg,static\images\O1CN01D94G0J2JHsWe7Obvd_!!2212270079397-0-cib.jpg,2025-07-06 07:27:10
6,6,https://cbu01.alicdn.com/img/ibank/O1CN0131WQfM2JHsWXnfReZ_!!2212270079397-0-cib.jpg,static\images\O1CN0131WQfM2JHsWXnfReZ_!!2212270079397-0-cib.jpg,2025-07-06 07:27:10
7,7,https://cbu01.alicdn.com/img/ibank/O1CN01IrpP9M2JHsWVCL0w1_!!2212270079397-0-cib.jpg,static\images\O1CN01IrpP9M2JHsWVCL0w1_!!2212270079397-0-cib.jpg,2025-07-06 07:27:10
8,8,https://cbu01.alicdn.com/img/ibank/O1CN01VfAksX1pixblMzAeI_!!2215075955395-0-cib.jpg,static\images\O1CN01VfAksX1pixblMzAeI_!!2215075955395-0-cib.jpg,2025-07-06 07:27:10
9,9,https://cbu01.alicdn.com/img/ibank/O1CN01A128Wc1nP9C9CRtnG_!!2201286885081-0-cib.jpg,static\images\O1CN01A128Wc1nP9C9CRtnG_!!2201286885081-0-cib.jpg,2025-07-06 07:27:27
10,10,https://cbu01.alicdn.com/img/ibank/O1CN01zXLoiW1nP9CG8W8Zg_!!2201286885081-0-cib.jpg,static\images\O1CN01zXLoiW1nP9CG8W8Zg_!!2201286885081-0-cib.jpg,2025-07-06 07:27:27
11,11,https://cbu01.alicdn.com/img/ibank/O1CN01tZJWZh1nP9CROQuTG_!!2201286885081-0-cib.jpg,static\images\O1CN01tZJWZh1nP9CROQuTG_!!2201286885081-0-cib.jpg,2025-07-06 07:27:27
12,12,https://cbu01.alicdn.com/img/ibank/O1CN01z1PM7T1nP9CDwxeFW_!!2201286885081-0-cib.jpg,static\images\O1CN01z1PM7T1nP9CDwxeFW_!!2201286885081-0-cib.jpg,2025-07-06 07:27:27
13,13,https://cbu01.alicdn.com/img/ibank/O1CN01HA8qeR1nP9CPLi239_!!2201286885081-0-cib.jpg,static\images\O1CN01HA8qeR1nP9CPLi239_!!2201286885081-0-cib.jpg,2025-07-06 07:27:27
14,14,https://cbu01.alicdn.com/img/ibank/O1CN01VJ2ZfV1nP9CNSmvFZ_!!2201286885081-0-cib.jpg,static\images\O1CN01VJ2ZfV1nP9CNSmvFZ_!!2201286885081-0-cib.jpg,2025-07-06 07:27:27
15,15,https://cbu01.alicdn.com/img/ibank/12268255377_629701207.jpg,static\images\12268255377_629701207.jpg,2025-07-06 07:27:42
16,16,https://cbu01.alicdn.com/img/ibank/12237957618_629701207.jpg,static\images\12237957618_629701207.jpg,2025-07-06 07:27:42
17,17,https://cbu01.alicdn.com/img/ibank/12237978173_629701207.jpg,static\images\12237978173_629701207.jpg,2025-07-06 07:27:42
18,18,https://cbu01.alicdn.com/img/ibank/12310529506_629701207.jpg,static\images\12310529506_629701207.jpg,2025-07-06 07:27:42
19,19,https://cbu01.alicdn.com/img/ibank/12953504450_629701207.jpg,static\images\12953504450_629701207.jpg,2025-07-06 07:27:52
20,20,https://cbu01.alicdn.com/img/ibank/12913126905_629701207.jpg,static\images\12913126905_629701207.jpg,2025-07-06 07:27:52
21,21,https://cbu01.alicdn.com/img/ibank/12913156290_629701207.jpg,static\images\12913156290_629701207.jpg,2025-07-06 07:27:52
22,22,https://cbu01.alicdn.com/img/ibank/12913129968_629701207.jpg,static\images\12913129968_629701207.jpg,2025-07-06 07:27:52
23,23,https://cbu01.alicdn.com/img/ibank/12953501930_629701207.jpg,static\images\12953501930_629701207.jpg,2025-07-06 07:27:52
24,24,https://cbu01.alicdn.com/img/ibank/O1CN01THdmSQ1Nj8cwmNkzV_!!949881605-0-cib.jpg,static\images\O1CN01THdmSQ1Nj8cwmNkzV_!!949881605-0-cib.jpg,2025-07-06 07:27:52
25,25,https://cbu01.alicdn.com/img/ibank/O1CN011azt391Nj8cpak5FE_!!949881605-0-cib.jpg,static\images\O1CN011azt391Nj8cpak5FE_!!949881605-0-cib.jpg,2025-07-07 01:56:11
26,26,https://cbu01.alicdn.com/img/ibank/O1CN014lR1mC1Nj8gBCDc3i_!!949881605-0-cib.jpg,static\images\O1CN014lR1mC1Nj8gBCDc3i_!!949881605-0-cib.jpg,2025-07-07 01:56:11
27,27,https://cbu01.alicdn.com/img/ibank/O1CN01DkBuxr1Nj8TRmx0MK_!!949881605-0-cib.jpg,static\images\O1CN01DkBuxr1Nj8TRmx0MK_!!949881605-0-cib.jpg,2025-07-07 03:33:35
28,28,https://cbu01.alicdn.com/img/ibank/O1CN01R3cjHu1Nj8TKlgMTS_!!949881605-0-cib.jpg,static\images\O1CN01R3cjHu1Nj8TKlgMTS_!!949881605-0-cib.jpg,2025-07-07 05:33:30
29,29,https://cbu01.alicdn.com/img/ibank/O1CN01KpCaDo1nP9PXJmouF_!!2201286885081-0-cib.jpg,static\images\O1CN01KpCaDo1nP9PXJmouF_!!2201286885081-0-cib.jpg,2025-07-07 05:33:30
30,30,https://cbu01.alicdn.com/img/ibank/O1CN017xDs111nP99omKeJy_!!2201286885081-0-cib.jpg,static\images\O1CN017xDs111nP99omKeJy_!!2201286885081-0-cib.jpg,2025-07-07 06:20:25
31,31,https://cbu01.alicdn.com/img/ibank/O1CN01joSPun1nP99tesrxw_!!2201286885081-0-cib.jpg,static\images\O1CN01joSPun1nP99tesrxw_!!2201286885081-0-cib.jpg,2025-07-07 06:20:25
32,32,https://cbu01.alicdn.com/img/ibank/O1CN016ze7FN1nP9A5OZhWE_!!2201286885081-0-cib.jpg,static\images\O1CN016ze7FN1nP9A5OZhWE_!!2201286885081-0-cib.jpg,2025-07-07 06:20:25
33,33,https://cbu01.alicdn.com/img/ibank/O1CN01PsiXv91nP9Hmuyxo9_!!2201286885081-0-cib.jpg,static\images\O1CN01PsiXv91nP9Hmuyxo9_!!2201286885081-0-cib.jpg,2025-07-07 08:21:21
34,34,https://cbu01.alicdn.com/img/ibank/O1CN01IQBcpv1nP9HcwozMn_!!2201286885081-0-cib.jpg,static\images\O1CN01IQBcpv1nP9HcwozMn_!!2201286885081-0-cib.jpg,2025-07-07 08:21:21
35,35,https://cbu01.alicdn.com/img/ibank/O1CN01rFujlu1nP9Hi3iWw5_!!2201286885081-0-cib.jpg,static\images\O1CN01rFujlu1nP9Hi3iWw5_!!2201286885081-0-cib.jpg,2025-07-07 08:21:21
36,36,https://cbu01.alicdn.com/img/ibank/O1CN01QorDQ91nP9HjEcV1V_!!2201286885081-0-cib.jpg,static\images\O1CN01QorDQ91nP9HjEcV1V_!!2201286885081-0-cib.jpg,2025-07-07 08:21:21
37,37,https://cbu01.alicdn.com/img/ibank/O1CN01nu9wUQ1nP9Hg1lj1H_!!2201286885081-0-cib.jpg,static\images\O1CN01nu9wUQ1nP9Hg1lj1H_!!2201286885081-0-cib.jpg,2025-07-07 08:21:21
38,38,https://cbu01.alicdn.com/img/ibank/O1CN012sz9Sg1nP9MeeihE5_!!2201286885081-0-cib.jpg,static\images\O1CN012sz9Sg1nP9MeeihE5_!!2201286885081-0-cib.jpg,2025-07-07 08:21:21
39,39,https://cbu01.alicdn.com/img/ibank/O1CN018MqY7x1nP9OgFzCzN_!!2201286885081-0-cib.jpg,static\images\O1CN018MqY7x1nP9OgFzCzN_!!2201286885081-0-cib.jpg,2025-07-07 08:21:21
40,40,https://cbu01.alicdn.com/img/ibank/O1CN01ZiZOT11IhF0gYS3rh_!!2643320924-0-cib.jpg,static\images\O1CN01ZiZOT11IhF0gYS3rh_!!2643320924-0-cib.jpg,2025-07-08 02:40:47
41,41,https://cbu01.alicdn.com/img/ibank/O1CN01yvMUYW1IhF0fQss0f_!!2643320924-0-cib.jpg,static\images\O1CN01yvMUYW1IhF0fQss0f_!!2643320924-0-cib.jpg,2025-07-08 02:40:47
42,42,https://cbu01.alicdn.com/img/ibank/O1CN01kuB1Uc1IhF0dWo1zR_!!2643320924-0-cib.jpg,static\images\O1CN01kuB1Uc1IhF0dWo1zR_!!2643320924-0-cib.jpg,2025-07-08 02:40:47
43,43,https://cbu01.alicdn.com/img/ibank/O1CN016R63vl1IhF0fKRelM_!!2643320924-0-cib.jpg,static\images\O1CN016R63vl1IhF0fKRelM_!!2643320924-0-cib.jpg,2025-07-08 02:40:47
44,44,https://cbu01.alicdn.com/img/ibank/O1CN018m19jm1IhEw755wXw_!!2643320924-0-cib.jpg,static\images\O1CN018m19jm1IhEw755wXw_!!2643320924-0-cib.jpg,2025-07-08 02:40:47
45,45,https://cbu01.alicdn.com/img/ibank/O1CN011LlYGm1IhEw5tRaMe_!!2643320924-0-cib.jpg,static\images\O1CN011LlYGm1IhEw5tRaMe_!!2643320924-0-cib.jpg,2025-07-08 02:40:47
46,46,https://cbu01.alicdn.com/img/ibank/O1CN01FEcs9y1IhF0egVDvq_!!2643320924-0-cib.jpg,static\images\O1CN01FEcs9y1IhF0egVDvq_!!2643320924-0-cib.jpg,2025-07-08 02:40:47
47,48,https://cbu01.alicdn.com/img/ibank/O1CN01iWywcc1IhEw7ggr0r_!!2643320924-0-cib.jpg,static\images\O1CN01iWywcc1IhEw7ggr0r_!!2643320924-0-cib.jpg,2025-07-08 02:40:47
48,50,https://cbu01.alicdn.com/img/ibank/O1CN013S4oRQ1IhF0eQvUGm_!!2643320924-0-cib.jpg,static\images\O1CN013S4oRQ1IhF0eQvUGm_!!2643320924-0-cib.jpg,2025-07-08 02:40:47
49,51,https://cbu01.alicdn.com/img/ibank/O1CN014z6tk01IhEw1TIs1A_!!2643320924-0-cib.jpg,static\images\O1CN014z6tk01IhEw1TIs1A_!!2643320924-0-cib.jpg,2025-07-08 02:40:47
50,52,https://cbu01.alicdn.com/img/ibank/O1CN01lhppB01IhEw7hba2o_!!2643320924-0-cib.jpg,static\images\O1CN01lhppB01IhEw7hba2o_!!2643320924-0-cib.jpg,2025-07-08 02:40:47
51,53,https://cbu01.alicdn.com/img/ibank/O1CN01mH67pq1IhEyESkHGe_!!2643320924-0-cib.jpg,static\images\O1CN01mH67pq1IhEyESkHGe_!!2643320924-0-cib.jpg,2025-07-08 02:40:47
52,54,https://cbu01.alicdn.com/img/ibank/O1CN01XgPYGv1IhEyGp6BYA_!!2643320924-0-cib.jpg,static\images\O1CN01XgPYGv1IhEyGp6BYA_!!2643320924-0-cib.jpg,2025-07-08 02:40:47
53,55,https://cbu01.alicdn.com/img/ibank/O1CN01z7iKa21IhF0gvsRTb_!!2643320924-0-cib.jpg,static\images\O1CN01z7iKa21IhF0gvsRTb_!!2643320924-0-cib.jpg,2025-07-08 02:40:47
54,57,https://cbu01.alicdn.com/img/ibank/O1CN01hUzkva1IhEw5vkNbO_!!2643320924-0-cib.jpg,static\images\O1CN01hUzkva1IhEw5vkNbO_!!2643320924-0-cib.jpg,2025-07-08 02:40:47
55,58,https://cbu01.alicdn.com/img/ibank/O1CN01CfqupM1IhEw7hvFdy_!!2643320924-0-cib.jpg,static\images\O1CN01CfqupM1IhEw7hvFdy_!!2643320924-0-cib.jpg,2025-07-08 02:40:47
56,59,https://cbu01.alicdn.com/img/ibank/O1CN01IXeWRE1IhEvwut9CG_!!2643320924-0-cib.jpg,static\images\O1CN01IXeWRE1IhEvwut9CG_!!2643320924-0-cib.jpg,2025-07-08 02:40:47
57,60,https://cbu01.alicdn.com/img/ibank/O1CN01zx5abc1IhEw2IY8wa_!!2643320924-0-cib.jpg,static\images\O1CN01zx5abc1IhEw2IY8wa_!!2643320924-0-cib.jpg,2025-07-08 02:40:47
58,61,https://cbu01.alicdn.com/img/ibank/O1CN01LGRnR01IhEw7iBhME_!!2643320924-0-cib.jpg,static\images\O1CN01LGRnR01IhEw7iBhME_!!2643320924-0-cib.jpg,2025-07-08 02:40:47
59,62,https://cbu01.alicdn.com/img/ibank/O1CN01Ge2gxP1IhEw7iCAVZ_!!2643320924-0-cib.jpg,static\images\O1CN01Ge2gxP1IhEw7iCAVZ_!!2643320924-0-cib.jpg,2025-07-08 02:40:47
60,63,https://cbu01.alicdn.com/img/ibank/O1CN01gpoD3B1IhEw5WgHe4_!!2643320924-0-cib.jpg,static\images\O1CN01gpoD3B1IhEw5WgHe4_!!2643320924-0-cib.jpg,2025-07-08 02:40:47
61,64,https://cbu01.alicdn.com/img/ibank/O1CN01op8Lgn1IhEyJ5WX6Y_!!2643320924-0-cib.jpg,static\images\O1CN01op8Lgn1IhEyJ5WX6Y_!!2643320924-0-cib.jpg,2025-07-08 02:40:47
62,65,https://cbu01.alicdn.com/img/ibank/O1CN01V0mNC61IhEy99wRiE_!!2643320924-0-cib.jpg,static\images\O1CN01V0mNC61IhEy99wRiE_!!2643320924-0-cib.jpg,2025-07-08 02:40:47
63,66,https://cbu01.alicdn.com/img/ibank/O1CN01LaoAVW1IhEw4kEU4B_!!2643320924-0-cib.jpg,static\images\O1CN01LaoAVW1IhEw4kEU4B_!!2643320924-0-cib.jpg,2025-07-08 02:40:47
64,67,https://cbu01.alicdn.com/img/ibank/O1CN01LiduGN1IhEw5wIcGU_!!2643320924-0-cib.jpg,static\images\O1CN01LiduGN1IhEw5wIcGU_!!2643320924-0-cib.jpg,2025-07-08 02:40:47
65,70,https://cbu01.alicdn.com/img/ibank/O1CN01toXjVC1IhEw4TOawM_!!2643320924-0-cib.jpg,static\images\O1CN01toXjVC1IhEw4TOawM_!!2643320924-0-cib.jpg,2025-07-08 02:40:47
66,71,https://cbu01.alicdn.com/img/ibank/O1CN013XAM7I1IhEw4pKgId_!!2643320924-0-cib.jpg,static\images\O1CN013XAM7I1IhEw4pKgId_!!2643320924-0-cib.jpg,2025-07-08 02:40:47
67,72,https://cbu01.alicdn.com/img/ibank/O1CN01ft1AVN1IhEw443aTv_!!2643320924-0-cib.jpg,static\images\O1CN01ft1AVN1IhEw443aTv_!!2643320924-0-cib.jpg,2025-07-08 02:40:47
68,73,https://cbu01.alicdn.com/img/ibank/O1CN01jtdbBV1IhEw443O66_!!2643320924-0-cib.jpg,static\images\O1CN01jtdbBV1IhEw443O66_!!2643320924-0-cib.jpg,2025-07-08 02:40:47
69,74,https://cbu01.alicdn.com/img/ibank/O1CN01m49CiF1IhEw2dAWGu_!!2643320924-0-cib.jpg,static\images\O1CN01m49CiF1IhEw2dAWGu_!!2643320924-0-cib.jpg,2025-07-08 02:40:47
70,75,https://cbu01.alicdn.com/img/ibank/O1CN01II9yuu1IhEw62n1hn_!!2643320924-0-cib.jpg,static\images\O1CN01II9yuu1IhEw62n1hn_!!2643320924-0-cib.jpg,2025-07-08 02:40:47
71,76,https://cbu01.alicdn.com/img/ibank/O1CN01tqqMJE1IhEyG9n4am_!!2643320924-0-cib.jpg,static\images\O1CN01tqqMJE1IhEyG9n4am_!!2643320924-0-cib.jpg,2025-07-08 02:40:47
72,77,https://cbu01.alicdn.com/img/ibank/O1CN01mQuXe71IhEw74oxUX_!!2643320924-0-cib.jpg,static\images\O1CN01mQuXe71IhEw74oxUX_!!2643320924-0-cib.jpg,2025-07-08 02:40:47
73,78,https://cbu01.alicdn.com/img/ibank/O1CN019Hfs1k1IhEw74tBWy_!!2643320924-0-cib.jpg,static\images\O1CN019Hfs1k1IhEw74tBWy_!!2643320924-0-cib.jpg,2025-07-08 02:40:47
74,79,https://cbu01.alicdn.com/img/ibank/O1CN0169fxbL1IhEw62rnHu_!!2643320924-0-cib.jpg,static\images\O1CN0169fxbL1IhEw62rnHu_!!2643320924-0-cib.jpg,2025-07-08 02:40:47
75,80,https://cbu01.alicdn.com/img/ibank/O1CN01jH5gAc1IhEvwvuvXx_!!2643320924-0-cib.jpg,static\images\O1CN01jH5gAc1IhEvwvuvXx_!!2643320924-0-cib.jpg,2025-07-08 02:40:47
76,81,https://cbu01.alicdn.com/img/ibank/O1CN014wfQzT1IhEyGpUULf_!!2643320924-0-cib.jpg,static\images\O1CN014wfQzT1IhEyGpUULf_!!2643320924-0-cib.jpg,2025-07-08 02:40:47
77,82,https://cbu01.alicdn.com/img/ibank/O1CN01FwznAr1IhEw62wxlg_!!2643320924-0-cib.jpg,static\images\O1CN01FwznAr1IhEw62wxlg_!!2643320924-0-cib.jpg,2025-07-08 02:40:47
78,83,https://cbu01.alicdn.com/img/ibank/O1CN01IqL40Z1IhEw4oNjkl_!!2643320924-0-cib.jpg,static\images\O1CN01IqL40Z1IhEw4oNjkl_!!2643320924-0-cib.jpg,2025-07-08 02:40:47
79,84,https://cbu01.alicdn.com/img/ibank/O1CN01jNrLwL1IhEw4ndcQU_!!2643320924-0-cib.jpg,static\images\O1CN01jNrLwL1IhEw4ndcQU_!!2643320924-0-cib.jpg,2025-07-08 02:40:47
80,85,https://cbu01.alicdn.com/img/ibank/O1CN01YLpCdA1IhEw5Xlx2A_!!2643320924-0-cib.jpg,static\images\O1CN01YLpCdA1IhEw5Xlx2A_!!2643320924-0-cib.jpg,2025-07-08 02:40:47
81,86,https://cbu01.alicdn.com/img/ibank/O1CN01KpLy671IhEw2defAe_!!2643320924-0-cib.jpg,static\images\O1CN01KpLy671IhEw2defAe_!!2643320924-0-cib.jpg,2025-07-08 02:40:47
82,87,https://cbu01.alicdn.com/img/ibank/O1CN01WHC0W01IhEvwwGg0Y_!!2643320924-0-cib.jpg,static\images\O1CN01WHC0W01IhEvwwGg0Y_!!2643320924-0-cib.jpg,2025-07-08 02:40:47
83,88,https://cbu01.alicdn.com/img/ibank/O1CN01Za8rN91IhEw4lADjv_!!2643320924-0-cib.jpg,static\images\O1CN01Za8rN91IhEw4lADjv_!!2643320924-0-cib.jpg,2025-07-08 02:40:47
84,90,https://cbu01.alicdn.com/img/ibank/O1CN012FQ0p61IhEw4qmAiN_!!2643320924-0-cib.jpg,static\images\O1CN012FQ0p61IhEw4qmAiN_!!2643320924-0-cib.jpg,2025-07-08 02:40:47
85,91,https://cbu01.alicdn.com/img/ibank/O1CN011RynKi1IhEw1VsRxi_!!2643320924-0-cib.jpg,static\images\O1CN011RynKi1IhEw1VsRxi_!!2643320924-0-cib.jpg,2025-07-08 02:40:47
86,92,https://cbu01.alicdn.com/img/ibank/O1CN01Bk7f6q1IhEw2Kdyo0_!!2643320924-0-cib.jpg,static\images\O1CN01Bk7f6q1IhEw2Kdyo0_!!2643320924-0-cib.jpg,2025-07-08 02:40:47
87,93,https://cbu01.alicdn.com/img/ibank/O1CN01kWb8Rq1IhEw42RUp2_!!2643320924-0-cib.jpg,static\images\O1CN01kWb8Rq1IhEw42RUp2_!!2643320924-0-cib.jpg,2025-07-08 02:40:47
88,95,https://cbu01.alicdn.com/img/ibank/O1CN01Lc5GbH1IhEw4m0S4A_!!2643320924-0-cib.jpg,static\images\O1CN01Lc5GbH1IhEw4m0S4A_!!2643320924-0-cib.jpg,2025-07-08 02:40:47
89,97,https://cbu01.alicdn.com/img/ibank/O1CN01yHXeeX1IhEw4V7k6C_!!2643320924-0-cib.jpg,static\images\O1CN01yHXeeX1IhEw4V7k6C_!!2643320924-0-cib.jpg,2025-07-08 02:40:47
90,98,https://cbu01.alicdn.com/img/ibank/O1CN01EnRBhE1IhEw6tKj6n_!!2643320924-0-cib.jpg,static\images\O1CN01EnRBhE1IhEw6tKj6n_!!2643320924-0-cib.jpg,2025-07-08 02:40:47
91,99,https://cbu01.alicdn.com/img/ibank/O1CN01S4sIlD1IhEw5vCCul_!!2643320924-0-cib.jpg,static\images\O1CN01S4sIlD1IhEw5vCCul_!!2643320924-0-cib.jpg,2025-07-08 02:40:47
92,101,https://cbu01.alicdn.com/img/ibank/O1CN019iZBfB1IhEw2euL4H_!!2643320924-0-cib.jpg,static\images\O1CN019iZBfB1IhEw2euL4H_!!2643320924-0-cib.jpg,2025-07-08 02:40:47
93,102,https://cbu01.alicdn.com/img/ibank/O1CN01BB3aqr1IhEw76YVNg_!!2643320924-0-cib.jpg,static\images\O1CN01BB3aqr1IhEw76YVNg_!!2643320924-0-cib.jpg,2025-07-08 02:40:47
94,103,https://cbu01.alicdn.com/img/ibank/O1CN01f2yZDv1IhEw5yNFPv_!!2643320924-0-cib.jpg,static\images\O1CN01f2yZDv1IhEw5yNFPv_!!2643320924-0-cib.jpg,2025-07-08 02:40:47
95,104,https://cbu01.alicdn.com/img/ibank/O1CN01me558Q1IhEvwxcnJc_!!2643320924-0-cib.jpg,static\images\O1CN01me558Q1IhEvwxcnJc_!!2643320924-0-cib.jpg,2025-07-08 02:40:47
96,105,https://cbu01.alicdn.com/img/ibank/O1CN01W6uK4C1IhEw7kkjru_!!2643320924-0-cib.jpg,static\images\O1CN01W6uK4C1IhEw7kkjru_!!2643320924-0-cib.jpg,2025-07-08 02:40:47
97,106,https://cbu01.alicdn.com/img/ibank/O1CN01JYl0V81IhEw2LNtu1_!!2643320924-0-cib.jpg,static\images\O1CN01JYl0V81IhEw2LNtu1_!!2643320924-0-cib.jpg,2025-07-08 02:40:47
98,107,https://cbu01.alicdn.com/img/ibank/O1CN01xwbu1E1IhEw1WezJq_!!2643320924-0-cib.jpg,static\images\O1CN01xwbu1E1IhEw1WezJq_!!2643320924-0-cib.jpg,2025-07-08 02:40:47
99,108,https://cbu01.alicdn.com/img/ibank/O1CN01S7KbaG1IhEw1WiD0Q_!!2643320924-0-cib.jpg,static\images\O1CN01S7KbaG1IhEw1WiD0Q_!!2643320924-0-cib.jpg,2025-07-08 02:40:47
100,109,https://cbu01.alicdn.com/img/ibank/O1CN01agE32O1IhEw5z0BV3_!!2643320924-0-cib.jpg,static\images\O1CN01agE32O1IhEw5z0BV3_!!2643320924-0-cib.jpg,2025-07-08 02:40:47
101,110,https://cbu01.alicdn.com/img/ibank/O1CN01IEp4sF1IhEw43eHWK_!!2643320924-0-cib.jpg,static\images\O1CN01IEp4sF1IhEw43eHWK_!!2643320924-0-cib.jpg,2025-07-08 02:40:47
102,111,https://cbu01.alicdn.com/img/ibank/O1CN01JBaTwO1IhEw43f5Tm_!!2643320924-0-cib.jpg,static\images\O1CN01JBaTwO1IhEw43f5Tm_!!2643320924-0-cib.jpg,2025-07-08 02:40:47
103,112,https://cbu01.alicdn.com/img/ibank/O1CN01zdEIOD1IhEw65JVyj_!!2643320924-0-cib.jpg,static\images\O1CN01zdEIOD1IhEw65JVyj_!!2643320924-0-cib.jpg,2025-07-08 02:40:47
104,113,https://cbu01.alicdn.com/img/ibank/O1CN01x2oa2h1IhEw65IVgv_!!2643320924-0-cib.jpg,static\images\O1CN01x2oa2h1IhEw65IVgv_!!2643320924-0-cib.jpg,2025-07-08 02:40:47
105,115,https://cbu01.alicdn.com/img/ibank/O1CN01E95c1p1IhEw65NkBC_!!2643320924-0-cib.jpg,static\images\O1CN01E95c1p1IhEw65NkBC_!!2643320924-0-cib.jpg,2025-07-08 02:40:47
106,117,https://cbu01.alicdn.com/img/ibank/O1CN016tHMoS1IhEw2M5fm3_!!2643320924-0-cib.jpg,static\images\O1CN016tHMoS1IhEw2M5fm3_!!2643320924-0-cib.jpg,2025-07-08 02:40:47
107,118,https://cbu01.alicdn.com/img/ibank/O1CN01S402B61IhEw2fz8Th_!!2643320924-0-cib.jpg,static\images\O1CN01S402B61IhEw2fz8Th_!!2643320924-0-cib.jpg,2025-07-08 02:40:47
108,120,https://cbu01.alicdn.com/img/ibank/O1CN01X9EMqt1IhF16GCNsq_!!2643320924-0-cib.jpg,static\images\O1CN01X9EMqt1IhF16GCNsq_!!2643320924-0-cib.jpg,2025-07-08 02:40:47
109,121,https://cbu01.alicdn.com/img/ibank/O1CN01tffzzw1IhF158FHMv_!!2643320924-0-cib.jpg,static\images\O1CN01tffzzw1IhF158FHMv_!!2643320924-0-cib.jpg,2025-07-08 02:40:47
110,122,https://cbu01.alicdn.com/img/ibank/O1CN01UYobHQ1IhF151BUBx_!!2643320924-0-cib.jpg,static\images\O1CN01UYobHQ1IhF151BUBx_!!2643320924-0-cib.jpg,2025-07-08 02:40:47
111,123,https://cbu01.alicdn.com/img/ibank/O1CN011xBrk61IhF14sVTY9_!!2643320924-0-cib.jpg,static\images\O1CN011xBrk61IhF14sVTY9_!!2643320924-0-cib.jpg,2025-07-08 02:40:47
112,124,https://cbu01.alicdn.com/img/ibank/O1CN01tWqCVp1IhF16Jiu1P_!!2643320924-0-cib.jpg,static\images\O1CN01tWqCVp1IhF16Jiu1P_!!2643320924-0-cib.jpg,2025-07-08 02:40:47
113,125,https://cbu01.alicdn.com/img/ibank/O1CN01wRgY6m1IhF13zLuLX_!!2643320924-0-cib.jpg,static\images\O1CN01wRgY6m1IhF13zLuLX_!!2643320924-0-cib.jpg,2025-07-08 02:40:47
114,126,https://cbu01.alicdn.com/img/ibank/O1CN01vzI8Bc1IhF1538GyE_!!2643320924-0-cib.jpg,static\images\O1CN01vzI8Bc1IhF1538GyE_!!2643320924-0-cib.jpg,2025-07-08 02:40:47
115,127,https://cbu01.alicdn.com/img/ibank/O1CN01as0Unz1IhF13t64E7_!!2643320924-0-cib.jpg,static\images\O1CN01as0Unz1IhF13t64E7_!!2643320924-0-cib.jpg,2025-07-08 02:40:47
116,128,https://cbu01.alicdn.com/img/ibank/O1CN01psuAl61IhF15FVHOZ_!!2643320924-0-cib.jpg,static\images\O1CN01psuAl61IhF15FVHOZ_!!2643320924-0-cib.jpg,2025-07-08 02:40:47
117,129,https://cbu01.alicdn.com/img/ibank/O1CN01nC1Iit1IhF158Va9I_!!2643320924-0-cib.jpg,static\images\O1CN01nC1Iit1IhF158Va9I_!!2643320924-0-cib.jpg,2025-07-08 02:40:47
118,130,https://cbu01.alicdn.com/img/ibank/O1CN01nTE3no1IhF158jLSW_!!2643320924-0-cib.jpg,static\images\O1CN01nTE3no1IhF158jLSW_!!2643320924-0-cib.jpg,2025-07-08 02:40:47
119,131,https://cbu01.alicdn.com/img/ibank/O1CN01lnXnqM1IhF14tUV3K_!!2643320924-0-cib.jpg,static\images\O1CN01lnXnqM1IhF14tUV3K_!!2643320924-0-cib.jpg,2025-07-08 02:40:47
120,132,https://cbu01.alicdn.com/img/ibank/O1CN01i6QGIa1IhF158vQk3_!!2643320924-0-cib.jpg,static\images\O1CN01i6QGIa1IhF158vQk3_!!2643320924-0-cib.jpg,2025-07-08 02:40:47
121,133,https://cbu01.alicdn.com/img/ibank/O1CN01tUA2dx1IhF0z4DlKe_!!2643320924-0-cib.jpg,static\images\O1CN01tUA2dx1IhF0z4DlKe_!!2643320924-0-cib.jpg,2025-07-08 02:40:47
122,134,https://cbu01.alicdn.com/img/ibank/O1CN01FE0H6h1IhF1596uPR_!!2643320924-0-cib.jpg,static\images\O1CN01FE0H6h1IhF1596uPR_!!2643320924-0-cib.jpg,2025-07-08 02:40:47
123,135,https://cbu01.alicdn.com/img/ibank/O1CN011fg8ad1IhF1547ZHr_!!2643320924-0-cib.jpg,static\images\O1CN011fg8ad1IhF1547ZHr_!!2643320924-0-cib.jpg,2025-07-08 02:40:47
